volume,frame,mother_z,mother_y,mother_x,d1_z,d1_y,d1_x,d2_z,d2_y,d2_x,sister_um,verdict
44b6_3bb3690f,40,34.0,201.0,175.0,33.0,196.0,179.0,34.0,207.0,172.0,5.54,1
44b6_40c45f5a,41,25.0,88.0,111.0,25.0,89.0,121.0,24.0,83.0,106.0,6.76,1
44b6_9be80b04,56,47.0,84.0,161.0,46.7,81.9,167.1,46.5,85.0,154.9,5.12,1
6bba_3c5691b6,44,37.0,33.0,85.0,37.5,37.7,90.6,35.0,31.0,78.0,7.08,1
44b6_81c256f0,39,37.0,147.0,98.0,33.0,149.0,100.0,38.0,147.0,96.0,8.33,1
6bba_784a78c9,37,40.6,125.6,107.8,40.7,130.6,105.0,41.6,113.1,108.3,7.38,1
44b6_3bb3690f,36,46.0,54.0,77.0,44.0,55.0,79.0,45.0,54.0,65.0,5.93,1
6bba_3c5691b6,34,36.0,176.0,164.0,36.2,189.2,166.9,36.7,175.9,164.7,5.54,0
44b6_9be80b04,31,47.0,214.0,81.0,47.0,209.0,77.0,47.0,218.0,85.0,4.89,1
6bba_cff5865f,30,40.0,218.0,69.0,41.0,220.0,81.0,40.0,218.0,61.0,8.33,1
6bba_cff5865f,28,54.0,191.0,101.0,54.0,186.6,85.3,54.0,198.0,107.0,9.96,1
6bba_3c5691b6,27,28.0,139.0,117.0,29.5,136.2,123.0,26.0,137.0,112.0,7.24,1
6bba_48816121,28,9.3,152.7,155.6,13.0,138.0,144.0,9.0,155.0,156.0,10.66,1
6bba_784a78c9,49,16.0,204.0,219.0,17.0,193.0,226.0,16.0,209.0,209.0,9.62,1
6bba_3c5691b6,21,14.0,65.0,27.0,12.0,68.0,25.0,16.0,59.0,31.0,7.85,1
6bba_cff5865f,19,27.0,167.0,86.0,30.0,159.0,89.0,27.0,172.0,85.0,7.37,1
6bba_d5eae175,17,43.0,185.0,120.0,40.6,198.9,124.9,44.0,181.0,119.0,9.44,1
6bba_f8ffd5e7,17,36.0,109.0,175.0,37.0,118.0,176.0,33.0,105.0,173.0,8.46,1
6bba_48816121,16,4.6,222.0,201.3,10.0,229.0,205.0,4.0,221.0,199.0,10.56,0
6bba_48816121,16,26.7,134.9,226.9,33.0,125.0,230.0,25.0,136.0,225.0,13.9,1
6bba_cff5865f,13,20.0,118.0,53.0,21.0,132.0,47.0,21.0,115.0,59.0,8.45,1
6bba_e16ffc58,35,40.5,29.9,35.3,40.6,27.9,58.9,39.0,35.0,33.0,11.22,0
6bba_76db78c1,12,31.0,70.0,213.0,27.0,78.0,217.0,34.0,71.0,217.0,11.73,0
6bba_48816121,11,31.0,152.0,141.0,26.0,157.0,141.0,33.0,148.0,138.0,12.01,0
6bba_f8ffd5e7,10,32.0,139.0,161.0,26.0,139.0,156.0,32.7,141.9,158.5,11.0,1
6bba_cff5865f,10,14.0,43.0,22.0,16.0,62.0,28.0,14.0,41.0,21.0,9.56,1
44b6_8f5ab931,59,36.0,182.0,88.0,36.7,184.1,99.7,35.0,177.0,84.0,7.53,1
44b6_1574802b,36,45.0,132.0,119.0,40.1,127.3,111.9,45.0,131.0,117.0,8.36,0
6bba_784a78c9,25,22.0,197.0,219.0,25.0,183.0,226.0,21.0,199.0,215.0,10.22,0
44b6_81c256f0,48,35.0,113.0,81.0,35.9,106.9,76.6,33.0,114.0,87.0,6.96,1
6bba_48816121,33,20.0,206.0,143.0,23.0,197.0,141.0,18.0,209.0,141.0,9.48,1
6bba_cff5865f,61,48.0,238.0,136.0,46.0,243.0,118.0,49.0,235.0,141.0,11.03,1
44b6_1574802b,12,54.0,121.0,142.0,50.0,125.0,137.0,56.0,119.0,144.0,10.44,0
44b6_9bfa6a0a,56,56.8,160.9,66.6,60.2,163.9,71.3,57.0,157.0,63.0,6.8,1
6bba_f8ffd5e7,36,12.0,150.0,106.0,9.0,160.0,102.0,14.0,153.0,107.0,8.84,1
44b6_81c256f0,22,35.0,221.0,127.0,33.0,207.0,124.0,35.5,223.4,127.1,7.9,1
44b6_81c256f0,63,19.0,154.0,126.0,18.6,142.9,119.5,19.0,156.1,132.4,7.53,1
6bba_3c5691b6,15,25.0,234.0,155.0,23.9,242.7,158.9,24.5,229.8,151.6,6.1,1
44b6_8cc6506c,48,33.0,171.0,216.0,34.0,177.0,222.0,32.0,169.0,210.0,6.7,1
6bba_cff5865f,53,33.0,133.0,145.0,35.0,129.0,148.0,31.0,133.0,143.0,7.0,0
6bba_edf14583,44,40.0,150.0,154.0,43.7,135.4,144.9,40.0,153.0,153.0,9.9,0
44b6_40c45f5a,65,38.0,156.0,132.0,37.0,164.0,137.0,39.0,147.0,131.0,8.01,1
6bba_48816121,57,9.2,228.0,158.6,14.0,215.0,171.0,9.0,229.0,155.0,11.86,1
6bba_48816121,62,11.0,179.0,185.0,15.0,167.0,171.0,11.0,186.0,187.0,12.0,1
44b6_81c256f0,65,39.9,221.7,145.1,41.0,229.0,148.0,40.0,211.0,141.0,8.01,1
6bba_cff5865f,13,35.0,137.0,106.0,34.0,134.6,102.1,36.1,144.4,112.0,6.61,1
6bba_87289e13,65,48.0,133.0,140.0,43.0,138.0,127.0,47.3,130.5,141.1,9.54,1
6bba_ebff6e76,62,34.8,182.2,227.9,33.0,174.1,228.1,36.0,189.0,228.0,7.77,1
6bba_48816121,31,49.0,85.0,181.0,49.5,70.9,180.9,48.7,90.7,172.2,8.88,0
44b6_40c45f5a,66,42.0,142.0,73.0,40.0,131.0,67.0,43.0,145.0,76.0,8.34,1
6bba_cff5865f,14,8.0,109.0,68.0,9.0,100.0,69.0,9.0,120.0,71.0,8.17,1
6bba_784a78c9,67,42.0,73.0,165.0,42.0,63.0,165.0,43.0,81.0,160.0,7.76,1
6bba_cff5865f,54,56.0,138.0,89.0,58.0,125.0,80.0,56.0,142.0,95.0,9.77,1
6bba_cff5865f,24,23.0,140.0,45.0,22.6,132.7,45.6,24.3,145.2,44.0,5.82,1
6bba_784a78c9,18,42.0,138.0,145.0,43.2,131.8,138.5,40.0,139.0,148.0,7.11,1
44b6_3bb3690f,8,50.0,105.0,129.0,49.0,101.0,126.0,51.0,111.0,124.0,5.27,0
44b6_3bb3690f,38,32.0,161.0,103.0,32.0,157.0,106.0,31.0,168.0,93.0,7.11,1
6bba_cff5865f,30,57.0,133.0,77.0,56.0,136.0,85.0,57.0,131.0,69.0,7.0,1
6bba_edf14583,35,10.0,81.7,227.7,13.0,100.0,243.0,10.0,81.3,234.9,9.61,0
6bba_f8ffd5e7,15,56.0,183.0,182.0,59.0,185.0,183.0,54.0,186.0,183.0,8.14,1
44b6_40c45f5a,55,33.0,169.0,17.0,34.0,159.0,13.0,33.0,172.0,20.0,6.21,1
44b6_cf2536e8,68,55.0,64.8,41.1,52.0,77.0,32.0,57.0,65.0,52.0,12.48,0
6bba_cff5865f,56,29.0,150.0,164.0,29.0,159.0,156.0,30.0,147.0,169.0,7.37,1
6bba_48816121,34,47.0,66.0,200.0,44.0,67.9,190.9,48.0,61.0,201.0,8.18,1
44b6_81c256f0,35,36.0,211.0,151.0,33.0,218.0,165.0,36.0,206.0,150.0,9.2,0
44b6_40c45f5a,55,9.0,43.0,93.0,9.1,35.6,86.1,9.0,47.0,97.0,6.41,1
6bba_87289e13,16,23.0,197.0,134.0,19.0,183.0,126.0,22.0,197.0,131.0,7.76,1
44b6_1574802b,45,60.7,93.6,174.6,57.0,91.0,168.0,62.0,94.0,174.0,8.57,0
44b6_9bfa6a0a,17,53.0,159.0,104.0,54.0,161.0,111.0,52.0,157.0,99.0,6.08,1
44b6_9be80b04,55,48.0,112.0,136.0,47.0,101.0,135.0,48.0,117.0,138.0,6.81,1
44b6_9be80b04,66,29.0,86.0,157.0,27.0,87.0,163.0,30.0,85.0,153.0,6.4,1
6bba_12665c0e,70,60.0,62.0,226.0,57.0,66.0,214.0,60.5,63.8,227.9,8.06,0
6bba_48816121,64,27.8,103.9,139.1,26.0,106.0,137.0,31.0,99.0,131.0,8.95,0
6bba_f8ffd5e7,37,10.0,101.0,143.0,12.0,101.0,143.0,6.0,107.0,141.0,10.08,1
44b6_9be80b04,36,47.0,67.0,193.0,46.0,62.0,187.0,47.0,69.0,201.0,6.56,1
44b6_8cc6506c,71,44.0,122.0,55.0,45.0,137.0,45.0,44.0,123.0,57.0,7.67,0
6bba_d3da753b,30,46.0,119.0,165.0,44.4,112.1,148.5,44.0,127.0,167.0,9.67,1
44b6_cf2536e8,12,20.0,242.0,129.0,26.0,248.0,138.0,19.0,243.0,131.0,11.9,0
44b6_1574802b,8,38.0,137.0,129.0,37.0,135.0,114.0,39.0,139.0,131.0,7.8,1
44b6_267148e4,49,15.0,138.0,33.0,13.4,158.5,45.3,14.0,141.0,39.0,7.62,0
44b6_8f5ab931,73,50.0,142.0,145.0,51.0,145.0,138.0,50.0,139.0,154.0,7.13,1
6bba_cff5865f,59,16.0,120.0,89.0,14.0,115.0,71.0,15.0,123.0,91.0,8.9,1
44b6_9bfa6a0a,35,42.0,163.0,147.0,40.2,162.2,141.2,42.3,165.3,148.8,4.77,0
44b6_40c45f5a,16,8.0,112.0,179.0,7.0,101.0,165.0,8.0,111.0,183.0,8.52,1
44b6_3bb3690f,60,34.0,97.0,63.0,38.0,82.0,70.0,33.0,97.0,62.0,10.66,0
44b6_8f5ab931,60,12.0,134.0,221.0,16.0,139.0,221.0,11.0,131.0,225.0,8.9,1
44b6_9bfa6a0a,74,42.6,7.1,130.3,39.4,10.3,118.4,44.0,5.0,134.0,10.03,0
6bba_784a78c9,74,33.1,25.3,198.1,32.6,13.7,204.5,34.0,29.0,197.0,7.29,1
44b6_40c45f5a,73,32.0,163.0,34.0,33.0,149.0,29.0,31.0,169.0,38.0,9.48,1
6bba_48816121,23,46.0,62.0,109.0,41.4,58.3,111.9,47.0,61.0,106.0,9.47,0
44b6_8f5ab931,23,27.0,165.0,148.0,33.0,159.0,156.0,28.0,167.0,146.0,9.65,0
44b6_267148e4,14,41.0,45.0,45.0,41.9,52.5,38.6,39.0,49.0,59.0,9.64,1
44b6_9bfa6a0a,12,54.0,177.0,147.0,51.8,171.7,146.2,53.9,176.7,148.1,4.05,0
6bba_7af54fde,19,16.0,118.5,189.3,9.6,110.6,189.7,18.0,121.0,187.0,14.33,0
6bba_cff5865f,21,16.0,78.0,40.0,17.0,88.0,37.0,16.0,72.0,45.0,7.45,1
6bba_d3da753b,64,26.0,191.0,198.0,22.0,199.0,181.0,26.0,188.0,195.0,9.72,1
44b6_40c45f5a,76,15.0,73.0,232.0,15.4,79.2,231.1,14.5,66.8,234.5,5.42,1
6bba_e16ffc58,26,18.0,146.0,35.0,17.2,149.3,48.2,18.0,152.0,27.0,8.78,1
44b6_8cc6506c,21,57.0,203.0,246.0,60.3,201.1,244.9,55.0,207.0,246.0,8.95,0
6bba_07e24132,20,45.0,125.0,29.0,43.7,123.6,29.6,45.0,136.0,31.0,5.49,0
6bba_d3da753b,56,48.0,82.0,188.0,43.2,87.8,168.4,46.7,81.8,183.7,8.77,1
44b6_9be80b04,76,43.0,25.0,177.0,42.3,27.9,172.7,43.0,23.5,182.5,4.51,1
6bba_cff5865f,20,32.0,175.0,60.0,31.0,175.0,55.0,35.0,177.0,67.0,8.17,1
6bba_d3da753b,17,25.0,146.0,115.0,23.0,155.0,115.0,25.0,141.0,111.0,6.75,1
6bba_57b7cc1e,31,55.0,17.0,66.0,59.0,32.0,67.0,54.0,13.0,69.0,11.24,0
6bba_784a78c9,42,58.0,93.0,61.0,60.0,75.0,65.0,58.0,93.0,55.0,8.97,1
6bba_cff5865f,63,20.0,203.0,46.0,19.5,197.2,42.1,19.9,210.0,48.5,5.85,1
6bba_87289e13,41,41.0,241.0,181.0,42.2,250.6,195.9,39.4,236.6,174.9,11.22,1
44b6_8f5ab931,10,48.0,177.0,85.0,49.1,178.9,101.0,46.8,179.7,83.9,7.9,1
6bba_e16ffc58,79,19.0,45.0,167.0,17.0,54.0,175.0,19.0,41.0,164.0,7.64,1
6bba_48816121,27,4.0,250.0,61.0,10.0,250.0,67.0,3.0,251.0,57.0,12.09,1
6bba_87289e13,57,48.0,131.0,140.0,47.0,137.0,137.0,48.0,121.0,136.0,6.71,1
44b6_74d0c52e,18,59.0,155.0,83.0,55.0,165.0,73.0,58.9,155.2,86.6,9.3,0
6bba_15403b9a,79,37.0,72.0,85.0,36.0,82.5,65.4,35.6,87.2,94.8,12.11,1
6bba_268e1230,77,34.0,14.0,186.0,38.0,15.0,177.0,32.0,15.0,186.0,10.41,0
44b6_87bba6c4,66,43.2,220.5,121.0,45.0,209.0,111.0,43.0,223.0,122.0,7.93,1
44b6_9bfa6a0a,10,48.0,167.0,110.0,49.0,174.0,124.0,46.8,164.0,106.4,8.97,1
44b6_e29f0176,16,28.0,71.0,190.0,32.0,79.0,171.0,30.0,70.0,195.0,10.91,1
6bba_76db78c1,64,31.0,73.0,208.0,29.6,67.0,215.5,30.8,76.3,203.1,6.59,1
6bba_784a78c9,69,12.7,129.2,240.6,15.0,125.0,252.0,13.0,132.0,235.0,8.15,0
6bba_cff5865f,54,15.0,101.0,40.0,15.1,106.3,44.1,13.8,93.5,35.9,6.53,1
6bba_f8ffd5e7,53,7.1,91.4,182.4,2.0,91.0,192.0,10.0,85.0,184.0,13.62,0
44b6_9be80b04,37,40.0,32.0,225.0,40.0,27.0,216.0,41.0,34.0,231.0,6.92,1
6bba_87289e13,74,27.5,179.7,90.7,31.0,180.0,90.0,25.0,182.0,84.0,10.08,1
44b6_1574802b,23,36.0,134.0,141.0,37.0,131.0,123.0,34.0,136.0,143.0,9.69,1
44b6_87bba6c4,18,42.4,14.4,103.4,47.0,31.0,103.0,41.2,13.3,103.3,11.86,0
44b6_8cc6506c,24,41.0,103.0,126.0,39.2,100.6,127.0,38.5,108.1,124.7,3.38,0
44b6_267148e4,80,17.0,223.0,10.0,18.0,222.0,5.0,16.0,222.0,23.0,8.0,0
6bba_76db78c1,81,45.7,131.6,38.7,44.6,130.4,51.8,46.0,127.4,35.9,6.96,1
6bba_cff5865f,77,45.0,188.0,89.0,44.0,195.0,81.0,44.0,182.0,92.0,6.92,1
6bba_cff5865f,49,42.0,112.0,171.0,41.0,121.0,175.0,43.0,103.0,171.0,8.17,1
44b6_87bba6c4,78,33.0,109.0,43.0,37.0,120.0,58.0,32.0,109.0,39.0,12.07,0
44b6_8f5ab931,19,53.0,179.0,211.0,50.0,178.0,207.0,55.0,179.0,217.0,9.09,0
44b6_9be80b04,50,26.0,145.0,173.0,25.2,145.6,181.4,27.0,142.0,169.0,6.01,1
44b6_267148e4,26,10.0,135.0,197.0,10.0,131.0,178.0,9.0,139.0,199.0,9.27,1
44b6_9bfa6a0a,58,59.0,136.0,119.0,58.0,133.0,111.0,60.0,137.0,127.0,7.45,1
6bba_57b7cc1e,74,29.0,194.0,147.0,24.6,196.0,134.6,29.0,195.0,147.0,8.76,0
6bba_cff5865f,64,38.0,241.0,59.0,38.0,247.0,49.0,38.0,241.0,66.0,7.32,1
44b6_1574802b,38,35.0,116.0,64.0,34.0,124.1,65.8,35.0,115.0,61.0,4.48,0
6bba_784a78c9,32,49.0,236.0,77.0,52.0,229.0,72.0,48.0,231.0,82.0,7.71,1
44b6_8cc6506c,18,45.0,90.0,49.0,45.0,89.0,54.0,44.0,93.0,45.0,4.32,1
6bba_cff5865f,18,40.9,112.4,62.4,41.0,109.0,71.0,43.0,117.0,52.0,8.98,1
6bba_d3da753b,63,21.0,188.0,137.0,19.0,179.0,116.8,20.0,192.0,132.0,8.29,1
44b6_0b24845f,9,36.0,47.0,42.0,35.0,74.0,41.0,34.0,50.0,39.0,9.92,0
44b6_40c45f5a,59,18.0,64.0,50.0,16.0,75.0,57.0,19.0,59.0,47.0,9.08,1
6bba_cff5865f,65,60.0,122.0,19.0,59.0,113.0,17.0,60.0,128.0,23.0,6.76,1
6bba_57b7cc1e,45,39.0,59.0,22.0,40.0,67.0,17.0,37.0,53.0,27.0,8.52,1
44b6_9be80b04,29,26.0,109.0,187.0,28.0,105.0,179.0,25.0,110.0,191.0,7.19,1
6bba_784a78c9,52,45.8,193.9,37.5,46.9,182.0,40.8,47.0,199.0,32.0,7.78,1
44b6_9bfa6a0a,48,60.0,211.0,103.0,61.1,223.4,128.4,60.0,211.0,98.0,13.46,0
44b6_9be80b04,72,33.0,163.0,113.0,33.0,163.0,120.0,34.0,165.0,109.0,4.82,1
44b6_267148e4,30,32.0,135.0,44.0,33.0,122.1,66.3,32.0,143.0,44.0,12.52,0
6bba_67ebd073,15,52.0,201.0,157.0,49.0,209.0,158.0,50.9,195.5,155.5,6.38,1
6bba_268e1230,13,60.6,76.3,247.6,55.0,90.0,253.0,62.0,75.0,247.0,13.13,0
44b6_cf2536e8,41,28.1,172.3,231.6,28.0,157.0,215.0,29.0,177.0,236.0,11.89,0
6bba_cff5865f,64,41.0,141.0,152.0,41.0,132.0,151.0,40.0,149.0,155.0,7.28,1
44b6_8cc6506c,84,44.0,99.0,143.0,40.0,101.0,133.0,45.0,101.0,144.0,9.27,0
44b6_40c45f5a,43,15.5,151.5,116.7,16.0,139.0,104.0,15.0,153.0,119.0,8.49,1
44b6_0b24845f,52,61.0,213.0,58.0,57.0,225.0,63.0,61.0,212.0,59.0,8.53,0
44b6_e29f0176,84,39.0,125.0,198.0,40.9,127.9,189.5,38.0,122.0,207.0,8.86,1
44b6_9be80b04,22,47.0,89.0,202.0,46.2,85.9,197.1,46.9,91.3,206.8,4.65,1
6bba_57b7cc1e,41,27.0,73.0,67.0,22.0,66.0,53.0,27.0,75.0,67.0,10.57,0
44b6_87bba6c4,58,43.7,87.8,61.7,45.0,69.0,51.0,43.8,93.2,63.8,11.29,0
6bba_57b7cc1e,52,54.0,111.0,10.0,56.0,129.0,5.0,54.0,107.0,12.0,9.93,0
6bba_07e24132,65,33.0,123.0,73.0,29.2,129.9,71.9,35.0,120.0,75.0,10.32,1
6bba_87289e13,85,25.0,65.0,40.0,24.6,61.9,41.8,23.0,73.0,36.0,5.71,1
44b6_8cc6506c,68,50.0,112.0,201.0,48.8,108.9,194.1,51.0,115.0,207.0,6.81,1
6bba_cff5865f,85,23.0,138.0,189.0,19.0,129.0,174.0,23.2,130.1,189.2,9.21,0
44b6_40c45f5a,85,2.0,40.0,121.0,2.0,61.0,126.0,2.0,37.0,117.0,10.41,0
6bba_48816121,26,21.0,165.0,137.0,19.0,163.0,147.0,23.0,162.0,130.0,9.49,1
6bba_67ebd073,28,30.7,244.8,219.2,26.0,249.0,217.0,30.0,241.2,222.7,7.59,0
44b6_40c45f5a,83,23.0,203.0,209.0,22.0,215.0,207.0,24.0,193.0,208.0,9.52,1
44b6_40c45f5a,52,40.0,158.0,21.0,38.4,163.3,24.5,40.4,155.5,21.7,4.68,0
6bba_f4ae811c,73,36.0,224.0,135.0,32.0,219.0,131.0,35.9,233.9,133.9,8.84,1
44b6_40c45f5a,44,29.0,251.0,47.0,29.0,227.0,44.0,28.9,248.8,47.6,8.98,0
6bba_f8ffd5e7,75,35.0,193.0,103.0,34.0,199.0,102.0,37.2,189.2,110.8,7.46,0
6bba_d3da753b,58,39.0,125.0,189.0,38.0,113.0,165.0,38.0,127.0,188.0,10.94,1
6bba_12665c0e,10,31.0,61.0,171.0,30.8,68.1,176.7,29.3,60.1,164.3,6.47,1
6bba_57b7cc1e,40,30.0,107.0,236.0,27.0,100.0,239.0,31.0,112.0,239.0,8.12,1
6bba_15403b9a,47,45.0,18.0,195.0,43.2,31.8,190.6,45.0,15.0,191.0,7.43,1
44b6_9be80b04,40,38.0,81.0,185.0,38.0,77.0,175.0,37.0,81.0,191.0,6.89,1
6bba_f8ffd5e7,45,16.0,56.0,181.0,12.0,54.0,183.0,18.0,52.0,184.0,9.79,1
6bba_87289e13,31,37.0,57.0,93.0,35.0,66.0,87.0,37.0,50.0,91.0,7.45,1
44b6_40c45f5a,29,20.0,123.0,18.0,20.0,130.0,19.0,21.0,117.0,13.0,6.04,1
6bba_87289e13,25,23.0,125.0,94.0,22.0,133.0,85.0,22.4,117.7,89.8,6.55,1
44b6_9bfa6a0a,20,42.3,248.4,83.7,44.0,242.0,98.0,42.0,252.0,79.0,9.31,0
6bba_268e1230,86,13.0,22.0,192.0,15.4,10.9,191.1,11.5,25.3,191.7,8.63,0
6bba_48816121,20,33.0,39.0,106.0,34.3,32.0,107.5,32.0,41.0,101.0,5.86,1
6bba_67ebd073,58,24.0,149.0,145.0,23.4,159.8,148.2,23.5,142.4,140.4,7.75,0
6bba_cff5865f,62,26.0,179.0,27.0,26.0,177.0,33.0,26.0,183.0,22.0,5.09,1
6bba_d3da753b,20,40.0,155.0,177.0,38.0,164.0,169.0,41.0,145.0,169.0,9.13,1
44b6_1574802b,87,53.0,105.0,81.0,54.7,100.4,82.2,50.0,106.0,77.0,8.24,1
44b6_8f5ab931,58,41.0,166.0,97.0,41.8,165.5,89.6,41.0,167.0,105.0,6.42,1
44b6_87bba6c4,87,15.0,211.0,183.0,14.0,205.0,184.0,15.0,219.0,179.0,6.25,1
6bba_cff5865f,23,36.0,143.0,33.0,36.5,136.3,40.4,36.0,150.0,30.0,7.03,1
6bba_67ebd073,22,41.0,154.4,161.9,41.0,159.0,161.0,37.0,143.0,164.0,9.27,1
6bba_87289e13,29,50.0,57.0,149.0,49.9,53.8,153.6,48.1,60.7,143.6,5.74,1
6bba_d3da753b,87,37.0,83.0,95.0,36.0,81.0,74.0,36.0,88.0,99.0,10.55,1
6bba_f8ffd5e7,75,33.9,203.0,139.0,40.9,197.2,145.9,33.0,197.0,142.0,12.94,0
6bba_d5eae175,11,35.0,235.0,73.0,38.0,211.0,55.0,35.0,238.0,75.0,14.49,1
44b6_0b24845f,77,50.7,177.7,201.0,53.0,190.0,199.0,49.3,171.2,200.2,9.73,0
44b6_8f5ab931,8,42.1,184.4,189.6,37.8,170.0,195.4,43.0,188.0,189.0,11.47,0
6bba_268e1230,85,61.0,23.0,131.0,56.3,34.1,130.1,60.6,26.5,134.3,7.83,0
44b6_81c256f0,79,43.0,46.0,69.0,42.0,33.0,63.0,43.0,49.0,70.0,7.28,1
44b6_9be80b04,77,34.0,127.0,141.0,32.6,121.9,134.1,34.0,132.0,147.0,7.03,1
6bba_784a78c9,58,24.0,83.0,210.0,24.0,68.5,211.8,23.0,87.0,215.0,7.8,1
44b6_74d0c52e,49,40.3,134.2,99.1,36.3,133.4,99.9,41.3,133.6,96.9,8.22,0
6bba_57b7cc1e,54,34.0,121.0,66.3,37.0,132.0,60.0,34.0,117.0,70.0,8.8,1
6bba_784a78c9,88,18.0,144.0,243.0,19.1,145.5,238.8,16.0,151.9,248.8,6.97,1
6bba_d3da753b,45,18.0,172.0,141.0,13.8,173.8,135.7,20.0,170.0,130.0,10.45,1
44b6_87bba6c4,83,15.0,179.4,64.7,19.1,185.9,79.7,13.2,184.8,63.8,11.57,0
6bba_67ebd073,13,23.0,61.0,127.0,24.0,70.0,131.0,21.0,56.0,125.0,7.88,0
44b6_0b24845f,59,41.0,136.0,23.0,43.0,146.0,17.0,41.0,133.0,27.0,7.41,0
6bba_07e24132,59,13.9,168.0,122.1,12.3,184.2,110.4,14.0,165.0,126.0,10.42,0
44b6_74d0c52e,45,46.0,135.0,47.0,46.0,129.0,58.0,47.0,137.0,37.0,9.27,1
6bba_48816121,49,38.0,130.0,101.0,34.0,136.0,89.0,39.0,127.0,100.0,9.97,1
6bba_ef7b4f7e,89,42.0,42.0,133.0,40.0,39.0,142.0,43.0,43.0,123.0,9.27,1
6bba_57b7cc1e,49,31.0,51.0,139.0,29.0,37.0,142.0,31.0,56.0,137.0,8.62,1
44b6_40c45f5a,31,6.0,85.0,47.0,7.7,78.5,45.0,4.0,91.0,47.0,7.91,1
6bba_15403b9a,47,42.0,55.0,97.0,41.6,58.6,100.7,41.2,57.4,83.9,6.87,1
44b6_87bba6c4,20,20.0,5.0,144.0,16.0,7.0,159.0,20.8,4.7,150.7,8.55,0
6bba_48816121,72,41.6,31.0,70.2,47.0,15.0,53.0,41.0,35.0,68.0,14.08,1
44b6_1574802b,17,20.0,115.0,46.0,20.0,110.0,37.0,20.0,116.0,54.0,7.32,1
44b6_9be80b04,17,40.0,160.0,235.0,42.0,162.0,249.0,39.0,159.0,236.0,7.29,0
6bba_15403b9a,40,42.0,75.0,70.0,40.2,84.6,57.8,41.0,73.8,69.2,6.51,1
44b6_1574802b,27,37.0,99.0,149.0,37.0,97.0,141.0,35.0,103.0,152.0,6.04,0
6bba_f17befbc,14,21.0,154.0,71.0,25.0,157.0,74.0,20.0,149.0,68.0,9.08,0
6bba_789f8168,66,40.0,139.0,187.0,41.4,127.0,178.4,37.0,141.0,177.0,9.15,1
6bba_e16ffc58,12,26.0,84.0,170.0,27.4,75.6,179.5,25.0,88.0,167.0,8.15,1
6bba_cff5865f,59,32.0,237.0,95.0,28.4,236.9,88.3,32.5,242.0,96.8,7.78,1
44b6_8cc6506c,89,60.4,176.8,47.8,56.0,176.0,53.0,62.0,178.0,46.0,10.19,0
44b6_9bfa6a0a,20,54.0,132.0,105.0,55.5,131.2,113.6,52.0,131.0,99.0,8.22,1
44b6_9bfa6a0a,67,23.0,159.0,35.0,21.0,165.8,37.5,25.0,156.0,35.0,7.69,1
6bba_48816121,82,30.0,109.0,95.0,31.0,98.0,87.0,29.0,114.0,92.0,7.55,1
6bba_48816121,35,29.0,169.0,20.0,31.0,153.0,25.0,29.0,171.0,17.0,8.64,1
44b6_9bfa6a0a,47,60.0,97.0,159.0,59.3,95.4,153.0,60.6,97.0,164.7,5.24,1
44b6_9be80b04,25,46.0,69.0,224.0,45.0,61.0,220.0,46.0,74.0,223.0,5.66,1
44b6_1574802b,35,8.0,111.0,215.0,8.0,115.0,231.0,7.7,112.6,208.5,9.21,0
44b6_40c45f5a,78,34.0,199.0,37.0,28.0,208.0,37.0,33.9,199.4,35.8,10.22,0
44b6_8f5ab931,56,7.5,139.7,67.6,8.0,131.0,85.0,7.0,145.0,62.0,11.06,0
6bba_f8ffd5e7,22,39.0,119.0,240.0,43.0,121.0,241.0,37.5,121.9,236.1,9.16,1
6bba_ebff6e76,21,60.4,7.3,58.2,57.6,2.7,71.7,60.7,8.6,54.1,9.07,0
44b6_74d0c52e,42,24.0,138.0,138.0,18.0,137.0,137.0,25.0,137.0,139.0,11.4,0
44b6_9be80b04,13,11.0,167.0,212.0,11.8,170.8,206.1,9.3,164.9,213.8,5.66,0
44b6_9be80b04,22,43.2,199.0,71.9,38.0,185.0,66.0,43.6,198.5,72.8,10.98,0
44b6_8cc6506c,36,51.0,160.0,247.0,56.0,151.0,252.0,50.0,163.0,247.0,11.09,0
6bba_cff5865f,11,55.0,176.0,149.0,55.0,169.0,155.0,56.0,183.0,143.0,7.67,1
6bba_edf14583,90,38.4,45.8,63.1,42.0,50.0,45.0,37.0,44.0,63.0,11.2,0
44b6_0b24845f,60,60.0,160.8,64.8,61.0,173.0,61.0,60.0,159.0,64.0,6.04,0
44b6_9be80b04,10,24.0,86.0,231.0,24.2,80.2,232.1,22.6,89.4,226.5,5.09,1
6bba_ebff6e76,36,3.0,171.0,250.0,7.7,174.6,247.2,2.0,165.0,249.0,10.08,0
44b6_8f5ab931,30,2.0,100.0,54.0,2.0,100.0,41.0,2.0,103.0,58.0,7.01,0
44b6_9be80b04,40,28.0,74.0,199.0,27.0,71.0,194.0,28.0,76.0,205.0,5.17,1
6bba_12665c0e,19,48.0,93.0,229.0,46.5,84.8,223.4,45.8,98.8,228.1,6.11,1
6bba_48816121,7,20.0,196.0,100.0,22.0,192.0,101.0,18.0,201.0,99.0,7.5,1
44b6_cf2536e8,12,4.5,182.3,248.0,8.0,202.0,251.0,5.0,186.0,247.0,8.29,0
6bba_13f19531,6,46.0,55.0,105.0,45.0,67.0,118.0,46.0,50.0,103.0,9.35,1
6bba_15403b9a,12,46.0,39.0,243.0,44.2,42.7,225.1,45.0,42.0,243.0,7.39,1
6bba_48816121,6,34.0,169.0,149.0,36.5,156.1,144.2,34.0,171.0,149.0,7.55,1
44b6_87bba6c4,47,60.7,235.5,160.1,62.0,199.0,151.0,60.4,232.1,159.5,14.12,0
6bba_edf14583,51,6.4,38.2,2.8,4.7,58.6,8.7,6.4,38.2,2.6,9.08,0
44b6_40c45f5a,36,23.0,141.0,27.0,21.0,149.0,33.0,23.6,135.1,23.7,8.0,1
44b6_40c45f5a,66,12.0,54.0,51.0,12.0,59.0,52.0,12.0,49.0,49.0,4.24,1
44b6_87bba6c4,69,62.0,209.0,114.0,62.0,203.0,125.0,60.1,210.9,109.0,7.88,0
6bba_48816121,5,20.0,169.0,205.0,23.0,161.0,197.0,19.0,167.0,207.0,8.04,1
6bba_784a78c9,5,56.0,98.0,95.0,57.0,95.0,83.0,55.0,97.0,104.0,9.17,1
6bba_d3da753b,74,39.0,137.0,245.0,38.0,130.0,228.0,38.0,143.0,246.0,9.02,1
6bba_f4ae811c,64,55.0,227.0,161.0,60.1,216.5,160.8,53.0,223.0,159.0,11.86,0
6bba_d3da753b,48,32.0,177.0,211.0,30.0,191.0,210.0,33.0,172.0,207.0,9.21,1
44b6_e29f0176,27,28.6,55.3,228.4,38.0,57.0,225.0,30.2,59.8,222.6,12.76,0
44b6_9bfa6a0a,30,38.4,151.4,112.7,36.0,147.0,104.0,39.0,153.0,113.0,6.56,0
44b6_3bb3690f,79,60.5,67.0,126.7,61.0,84.0,137.0,61.0,63.0,123.0,10.25,0
6bba_7af54fde,8,25.0,1.0,76.0,28.3,3.0,65.3,22.7,3.4,76.8,10.23,0
44b6_9bfa6a0a,54,52.3,170.4,96.7,51.8,177.6,98.9,52.3,166.4,94.9,4.9,0
6bba_edf14583,5,34.0,145.0,110.0,36.4,141.6,107.9,33.2,148.8,114.4,6.52,0
44b6_87bba6c4,7,49.7,129.2,195.6,48.0,117.0,209.0,48.4,131.5,196.0,7.94,0
6bba_07e24132,20,26.7,208.6,44.1,31.0,219.0,60.0,26.1,204.0,42.0,12.41,0
6bba_ebff6e76,6,49.0,38.0,141.7,47.0,27.0,136.0,48.0,47.0,151.0,10.29,0
44b6_8cc6506c,49,25.0,185.0,68.0,24.0,183.0,78.0,26.0,185.0,58.0,8.79,1
44b6_3bb3690f,7,45.0,161.0,227.0,45.0,161.0,219.0,45.0,163.0,235.0,6.55,1
44b6_40c45f5a,36,16.0,57.0,139.0,15.0,51.0,131.0,18.0,60.0,147.0,8.91,1
6bba_15403b9a,67,29.0,159.0,222.0,26.6,170.1,242.6,27.0,161.5,215.9,11.41,0
6bba_48816121,88,44.9,80.8,232.3,45.0,76.0,214.0,45.0,87.0,234.0,9.27,1
44b6_8cc6506c,6,27.6,216.9,199.0,33.0,215.0,205.0,26.3,218.3,196.6,11.49,0
44b6_8cc6506c,6,39.6,106.7,122.9,41.0,103.0,119.0,40.0,110.0,127.0,4.61,1
44b6_8f5ab931,66,51.0,227.0,234.0,51.3,215.7,238.4,51.0,224.0,236.0,3.54,0
6bba_07e24132,19,19.1,20.6,23.8,18.0,10.0,35.0,20.0,21.0,17.0,9.17,0
6bba_789f8168,5,19.2,177.3,138.3,21.8,164.2,132.4,18.0,181.0,129.0,9.31,1
6bba_ebff6e76,38,6.4,123.6,146.1,12.1,137.4,154.8,5.7,122.4,146.7,12.49,0
44b6_3bb3690f,55,46.5,175.6,64.3,43.0,183.0,73.0,48.0,174.0,61.0,10.16,0
44b6_9be80b04,10,28.0,165.0,141.0,29.0,165.0,147.0,26.0,164.0,135.0,6.91,1
44b6_87bba6c4,8,58.0,120.0,125.0,56.0,107.0,123.0,54.8,124.0,134.5,8.56,1
44b6_cf2536e8,47,30.0,245.0,51.0,30.0,238.0,72.0,29.0,245.0,50.0,9.52,0
6bba_e16ffc58,91,4.0,159.0,107.0,3.1,162.6,114.2,4.0,161.5,100.0,5.97,1
44b6_8f5ab931,38,58.0,150.0,193.0,58.0,147.0,190.0,58.0,151.0,199.0,4.0,1
6bba_ef7b4f7e,21,5.0,156.0,61.0,7.0,141.0,73.0,5.0,158.0,55.0,10.57,0
44b6_9bfa6a0a,20,37.0,119.0,123.0,39.0,116.0,120.0,35.0,122.0,126.0,7.36,0
6bba_67ebd073,26,46.0,208.0,183.0,44.4,216.4,187.4,44.0,203.0,175.0,7.45,1
6bba_edf14583,74,42.0,134.0,7.0,45.0,110.0,22.0,42.0,136.0,8.0,12.95,0
6bba_f17befbc,48,3.0,242.0,23.0,4.0,248.0,11.0,2.0,239.0,29.0,8.8,0
44b6_9be80b04,31,38.9,149.5,194.4,40.0,145.0,175.0,38.0,147.0,199.0,10.31,0
6bba_d3da753b,13,48.0,92.0,163.0,47.1,87.6,147.5,46.0,93.0,161.0,6.17,1
44b6_e29f0176,85,1.5,169.2,147.2,1.0,175.0,121.0,1.8,167.9,149.5,12.0,0
44b6_40c45f5a,91,29.0,178.0,156.0,30.0,171.0,161.0,28.0,181.0,154.0,5.93,1
44b6_e29f0176,20,6.0,81.0,171.0,11.7,88.5,164.8,7.0,83.0,167.0,8.01,0
6bba_789f8168,40,17.2,178.8,70.5,18.3,172.6,54.5,15.6,184.1,69.0,8.7,1
44b6_cf2536e8,42,12.0,237.0,145.0,10.0,225.0,149.0,12.0,243.0,149.0,8.0,0
6bba_cff5865f,84,25.0,169.0,58.0,24.0,158.0,63.0,22.7,172.9,48.6,8.68,1
44b6_9be80b04,69,39.0,122.0,150.0,39.0,113.0,149.0,39.0,127.0,149.0,5.69,1
6bba_12665c0e,64,37.0,16.0,142.0,36.9,21.3,146.7,35.4,12.4,135.1,6.42,1
6bba_57b7cc1e,64,31.0,106.0,142.0,36.0,103.0,139.0,30.0,105.0,145.0,10.08,0
6bba_f17befbc,63,17.0,161.0,90.0,12.0,153.0,114.0,16.0,157.0,97.0,9.62,0
44b6_87bba6c4,51,3.0,17.0,141.0,4.3,35.4,156.1,2.4,13.3,145.9,10.36,0
44b6_87bba6c4,56,21.6,11.8,18.0,23.0,5.0,35.0,20.5,14.7,17.3,9.15,0
44b6_9be80b04,27,26.4,39.7,194.0,26.0,43.0,207.0,26.7,38.7,188.3,7.88,1
44b6_9bfa6a0a,47,53.0,184.0,111.0,52.6,179.0,106.4,53.1,186.5,116.4,5.14,1
44b6_9be80b04,49,8.0,28.9,232.4,4.0,29.0,242.0,9.0,26.0,229.0,9.77,0
6bba_ebff6e76,59,7.9,135.7,136.6,13.0,133.0,139.0,7.0,133.0,137.0,9.78,0
44b6_87bba6c4,88,46.0,195.0,93.0,44.0,182.0,89.0,45.9,196.9,95.3,7.26,1
44b6_8cc6506c,23,61.0,91.0,193.0,59.3,82.4,177.6,60.5,92.9,197.8,9.45,1
6bba_48816121,21,37.0,21.0,73.0,37.0,27.0,66.0,38.0,12.0,75.0,7.29,1
44b6_87bba6c4,24,48.0,27.0,167.0,44.0,14.0,165.0,47.0,30.0,167.0,8.17,1
6bba_d3da753b,72,33.0,119.0,146.0,31.2,119.6,129.5,33.0,121.0,151.0,9.23,1
6bba_ef7b4f7e,14,50.0,73.0,147.0,48.0,71.0,156.0,50.0,73.0,142.0,6.6,1
44b6_267148e4,72,9.0,214.0,17.0,6.9,216.3,27.0,8.7,211.1,12.5,6.91,1
6bba_87289e13,21,31.7,178.1,209.0,32.1,170.1,204.1,31.0,186.0,201.0,6.82,1
44b6_8cc6506c,45,48.0,175.0,246.0,52.0,176.0,249.0,47.0,176.0,245.0,8.29,0
6bba_57b7cc1e,8,61.0,206.0,191.0,61.0,178.0,192.0,61.0,210.0,193.0,13.01,1
6bba_edf14583,5,53.0,224.0,229.0,50.0,223.0,235.0,55.0,227.0,225.0,9.23,1
44b6_40c45f5a,72,22.2,157.5,89.1,18.0,161.0,87.0,22.8,154.7,88.9,8.25,0
44b6_81c256f0,90,25.0,10.0,25.0,20.0,12.0,30.0,27.0,9.0,23.0,11.79,1
44b6_9bfa6a0a,48,58.0,61.0,165.0,57.0,51.0,163.0,58.0,65.0,168.0,6.25,1
6bba_15403b9a,43,37.0,124.0,39.0,36.0,137.0,33.0,37.0,118.0,33.0,7.89,1
6bba_57b7cc1e,76,51.0,17.0,235.0,52.2,28.3,230.8,49.0,12.0,237.0,8.79,1
44b6_40c45f5a,93,33.0,53.0,114.0,32.0,45.0,107.0,32.0,56.0,118.0,6.32,1
6bba_ebff6e76,36,5.0,124.0,189.0,3.0,116.0,186.0,6.0,131.0,194.0,8.45,1
6bba_13f19531,41,42.0,29.0,119.0,39.0,37.0,133.0,41.8,21.6,118.1,9.82,1
6bba_f17befbc,19,24.0,177.0,187.0,21.0,159.0,179.0,24.0,174.0,195.0,10.16,1
44b6_1574802b,28,13.0,78.0,111.0,13.0,80.0,121.0,13.0,75.0,105.0,6.81,0
6bba_67ebd073,92,13.0,233.0,248.0,8.0,237.0,251.0,15.0,232.0,245.0,11.81,1
6bba_ebff6e76,93,33.5,52.6,26.6,35.7,30.5,33.3,32.5,54.6,23.9,11.73,0
44b6_9be80b04,36,35.0,165.0,159.0,37.9,175.0,157.6,31.7,163.3,159.9,11.18,0
44b6_9bfa6a0a,4,18.0,101.0,8.0,20.0,93.0,5.0,16.0,104.0,10.0,8.15,1
44b6_40c45f5a,86,30.0,55.0,80.0,31.0,52.0,89.0,29.0,53.0,74.0,6.92,1
6bba_784a78c9,3,44.0,44.0,146.0,45.0,35.7,143.2,44.0,54.0,145.0,7.64,1
44b6_9be80b04,5,24.0,125.0,110.0,23.8,145.5,105.7,22.0,121.8,112.1,10.39,0
6bba_789f8168,5,6.0,225.0,152.0,6.5,238.2,149.0,6.2,223.7,143.4,6.33,0
6bba_f8ffd5e7,79,7.0,126.0,121.0,7.0,134.0,113.0,9.0,119.0,127.0,8.95,0
6bba_789f8168,42,48.0,147.0,250.0,47.0,136.0,235.0,49.0,147.0,251.0,8.53,1
6bba_13f19531,63,33.1,5.0,126.6,33.0,12.0,141.0,35.0,4.0,126.0,7.63,1
44b6_9bfa6a0a,53,52.0,137.0,123.0,52.7,137.9,131.4,51.0,133.0,119.0,6.08,1
6bba_48816121,61,53.0,39.0,73.0,52.0,46.0,73.0,54.0,30.0,69.0,7.45,1
6bba_f4ae811c,45,25.0,183.0,149.0,25.6,195.3,149.8,23.0,179.0,147.0,7.94,1
44b6_40c45f5a,38,30.0,195.0,16.0,28.8,206.8,18.7,31.0,187.0,14.0,9.01,1
6bba_87289e13,63,31.1,183.9,95.0,28.0,195.0,86.0,31.7,182.6,95.4,8.72,1
44b6_9bfa6a0a,33,54.0,237.0,86.0,53.0,237.0,75.0,54.0,237.0,92.0,7.09,1
6bba_789f8168,44,22.0,189.0,137.0,24.0,174.0,129.0,21.0,191.0,131.0,8.49,1
44b6_9bfa6a0a,9,59.0,110.0,115.0,58.0,103.0,113.0,61.0,115.0,120.0,7.46,1
44b6_8cc6506c,5,31.0,145.0,21.0,30.6,144.9,29.7,31.0,147.0,13.0,6.87,1
44b6_8f5ab931,5,54.0,239.0,41.0,57.0,247.0,48.0,53.0,235.0,44.0,8.29,1
44b6_cf2536e8,5,26.0,181.0,84.0,26.0,189.0,93.0,26.0,175.0,81.0,7.49,1
44b6_9be80b04,76,48.1,176.5,125.0,48.1,175.9,112.7,48.5,174.9,130.2,7.15,1
6bba_784a78c9,56,39.7,234.4,63.9,39.1,237.8,51.6,40.5,232.1,66.5,6.87,1
6bba_ed9377fd,58,30.0,159.0,179.0,32.0,160.0,167.0,28.0,164.0,183.0,9.33,1
6bba_87289e13,48,37.0,70.0,110.0,34.9,53.4,102.6,35.5,69.1,104.9,6.52,1
6bba_76db78c1,25,21.0,170.0,238.0,19.0,171.0,247.0,22.0,173.0,228.0,9.17,1
6bba_cff5865f,17,27.0,216.0,92.0,28.0,215.0,81.0,29.0,219.0,96.0,6.51,1
44b6_8f5ab931,16,30.0,133.0,163.0,30.9,136.3,174.1,30.0,131.0,159.0,6.66,1
44b6_9bfa6a0a,12,60.0,83.0,141.0,60.0,91.0,147.0,59.0,77.0,140.0,6.56,1
6bba_15403b9a,12,44.0,71.0,100.0,43.7,62.1,80.3,43.0,83.0,90.0,9.43,1
44b6_40c45f5a,81,15.0,123.0,18.0,15.0,135.0,26.0,15.0,116.0,14.0,9.13,1
6bba_f17befbc,59,20.0,215.0,211.0,21.0,206.0,212.0,21.0,219.0,219.0,6.0,1
6bba_57b7cc1e,1,45.0,17.0,126.0,45.7,27.5,129.0,44.0,12.0,121.0,7.61,1
6bba_784a78c9,0,22.0,83.0,224.0,21.9,73.3,222.1,21.0,91.0,223.0,7.35,1
6bba_cff5865f,0,35.0,146.0,89.0,34.9,144.8,105.2,36.0,157.0,89.0,8.43,1
44b6_9be80b04,2,34.0,95.0,185.0,33.0,96.8,191.8,33.4,93.2,180.7,4.78,1
44b6_8f5ab931,0,26.0,121.0,192.0,26.0,120.0,189.0,26.0,125.0,203.0,6.04,1
6bba_cff5865f,20,2.0,11.0,241.0,1.0,7.0,233.0,3.0,18.0,243.0,6.86,1
6bba_76db78c1,1,42.0,5.0,230.0,39.0,7.0,241.0,45.0,6.0,230.0,10.73,1
6bba_f17befbc,17,10.0,80.0,173.0,10.0,83.0,180.0,9.0,73.0,167.0,6.86,1
44b6_8cc6506c,3,62.0,187.0,141.0,61.4,193.0,150.0,62.0,185.0,138.0,5.94,1
6bba_789f8168,1,56.0,103.0,137.0,56.0,106.0,133.0,59.0,93.0,133.0,7.19,1
44b6_9bfa6a0a,65,58.0,74.0,155.0,57.0,71.0,144.0,58.0,73.0,163.0,7.93,1
6bba_784a78c9,70,39.0,11.0,176.0,39.7,7.0,184.6,38.7,12.3,169.3,6.78,1
6bba_7af54fde,66,35.0,203.0,127.0,34.0,211.0,129.0,35.0,194.0,127.0,7.14,1
6bba_ef7b4f7e,96,17.0,60.0,188.0,19.0,55.0,194.0,16.0,63.0,181.0,7.89,1
44b6_9be80b04,96,47.0,122.0,115.0,46.0,114.0,110.0,47.0,126.0,120.0,6.55,1
44b6_9bfa6a0a,62,45.0,241.0,83.0,43.0,237.0,73.0,45.0,241.0,87.0,6.75,1
6bba_48816121,62,14.0,167.0,218.0,12.0,172.0,215.0,17.0,161.0,215.0,9.27,1
44b6_9be80b04,17,26.0,179.0,15.0,26.0,182.0,44.0,25.1,177.4,13.3,12.7,0
44b6_e29f0176,80,23.8,215.3,43.3,27.0,222.0,26.0,24.0,214.0,45.0,9.69,1
6bba_87289e13,35,49.0,186.0,197.0,49.0,195.0,198.0,48.0,181.0,189.0,6.95,1
44b6_40c45f5a,81,15.0,229.0,169.0,16.0,233.0,160.0,14.0,225.0,173.0,7.0,1
6bba_789f8168,22,36.4,154.7,226.5,38.9,147.0,226.2,35.0,159.0,219.0,8.51,1
6bba_784a78c9,64,57.0,13.0,89.0,55.9,21.4,90.6,57.1,8.0,92.8,5.85,1
6bba_ebff6e76,79,58.0,161.0,5.0,58.2,157.0,3.9,57.9,168.0,5.1,4.52,1
44b6_8cc6506c,28,59.0,199.0,143.0,55.0,199.0,135.0,59.0,202.0,147.0,8.22,1
44b6_9be80b04,42,46.0,189.0,80.0,46.2,194.8,84.4,44.8,186.2,78.6,4.79,1
6bba_07e24132,19,55.0,186.0,77.0,54.7,191.9,75.7,55.0,175.0,84.0,7.66,1
44b6_8cc6506c,89,40.0,146.0,177.0,38.1,149.2,170.4,40.3,142.3,182.0,6.55,0
44b6_8cc6506c,29,43.0,154.0,194.0,41.0,153.0,185.0,41.0,154.0,200.0,6.11,1
6bba_3c5691b6,11,19.2,43.5,65.2,24.6,48.7,58.0,18.1,42.0,66.0,11.38,0
6bba_789f8168,8,44.0,55.0,61.0,46.8,48.3,56.1,44.0,59.0,58.0,6.34,1
6bba_268e1230,53,58.0,169.0,145.0,58.6,162.6,148.8,55.6,178.2,144.1,8.22,0
44b6_267148e4,44,59.8,88.5,120.3,59.5,110.2,137.2,60.0,75.2,120.4,15.79,0
6bba_07e24132,2,41.0,106.0,12.0,44.0,98.0,13.0,40.0,104.0,11.0,6.99,1
6bba_d3da753b,42,28.0,119.0,58.0,26.7,123.0,57.3,29.0,113.0,53.0,5.79,1
6bba_d3da753b,42,35.0,161.0,190.0,31.9,159.1,179.7,34.0,163.8,189.4,5.55,1
6bba_d3da753b,13,18.0,215.0,215.0,16.7,216.5,224.2,17.2,209.8,207.5,7.36,1
